time,close,high,low,open,volumefrom,volumeto
1468886400,1.09,1.1,1.08,1.09,13323.81,14493.19
1468972800,1.08,1.09,1.07,1.09,27478.21,29709.47
1469059200,1.09,1.09,1.07,1.08,9031.57,9790.91
1469145600,1.08,1.09,1.08,1.09,8421.86,9178.39
1469232000,1.08,1.09,1.08,1.08,9819.17,10604.24
1469318400,1.09,1.09,1.08,1.08,5475.83,5945.77
1469404800,1.08,1.09,1.08,1.09,5362.75,5829.78
1469491200,1.09,1.1,1.08,1.08,15323.16,16686.63
1469577600,1.1,1.1,1.08,1.09,70911.26,76812.36
1469664000,1.1,1.1,1.09,1.1,65475.13,71675
1469750400,1.11,1.11,1.1,1.1,101064,111812.89
1469836800,1.12,1.12,1.11,1.11,40649.28,45322.84
1469923200,1.11,1.12,1.1,1.12,30931.86,34395.6
1470009600,1.12,1.14,1.11,1.11,55858.41,62517.3
1470096000,1.11,1.14,1.07,1.12,89568.23,98505.51
1470182400,1.1,1.13,1.08,1.11,73133.4,80413.96
1470268800,1.09,1.11,1.08,1.1,46307.43,50655.47
1470355200,1.09,1.1,1.07,1.09,7248.14,7883.7
1470441600,1.1,1.1,1.07,1.09,30464.16,32636.55
1470528000,1.1,1.1,1.08,1.1,33184.47,36110.39
1470614400,1.09,1.1,1.07,1.1,44423.93,48257.25
1470700800,1.09,1.09,1.08,1.09,25900.65,28165.96
1470787200,1.11,1.11,1.09,1.09,138686.04,153332.61
1470873600,1.11,1.11,1.1,1.11,100534.71,111213.88
1470960000,1.11,1.11,1.11,1.11,56628.21,62759.11
1471046400,1.12,1.12,1.11,1.11,25457.83,28449.12
1471132800,1.12,1.12,1.09,1.12,80100.65,87992.29
1471219200,1.11,1.11,1.04,1.12,45588.23,49353.57
1471305600,1.13,1.13,1.11,1.11,45774.69,51241.52
1471392000,1.13,1.13,1.12,1.13,18046.82,20291.22
1471478400,1.14,1.15,1.12,1.13,109193.79,123100.61
1471564800,1.14,1.14,1.13,1.14,49129.38,55698.26
1471651200,1.15,1.15,1.14,1.14,13446.06,15293.61
1471737600,1.14,1.15,1.14,1.15,45446.25,51868.93
1471824000,1.14,1.14,1.14,1.14,61831.53,70496.91
1471910400,1.14,1.15,1.14,1.14,74392.68,85035.7
1471996800,1.13,1.14,1.13,1.14,69053.05,78577.53
1472083200,1.14,1.14,1.12,1.13,16181.51,18239.38
1472169600,1.12,1.14,1.12,1.14,29730.09,33608.94
1472256000,1.13,1.13,1.13,1.12,46832.38,52693.51
1472342400,1.12,1.13,1.12,1.13,18585.88,20814.25
1472428800,1.11,1.13,1.1,1.12,33048.37,36813.68
1472515200,1.12,1.13,1.11,1.11,20961.26,23513.14
1472601600,1.12,1.13,1.11,1.12,21960.8,24602.44
1472688000,1.12,1.12,1.11,1.12,15556,17348.38
1472774400,1.12,1.13,1.11,1.12,11138.07,12504.85
1472860800,1.11,1.12,1.11,1.12,30887.73,34387.81
1472947200,1.11,1.12,1.11,1.11,25881.18,28731.42
1473033600,1.11,1.12,1.11,1.11,8511.55,9469.27
1473120000,1.12,1.12,1.11,1.11,2196.83,2447.52
1473206400,1.11,1.12,1.11,1.12,12186.28,13619.26
1473292800,1.12,1.12,1.11,1.11,17696.28,19645.71
1473379200,1.12,1.12,1.1,1.12,22296.22,24721.17
1473465600,1.11,1.12,1.11,1.12,2889.71,3229.53
1473552000,1.12,1.12,1.11,1.11,28242.75,31454.87
1473638400,1.13,1.13,1.12,1.12,23791.52,26681.29
1473724800,1.12,1.12,1.11,1.13,26866.62,30029.41
1473811200,1.12,1.12,1.11,1.12,10542.79,11762.83
1473897600,1.12,1.13,1.11,1.12,20851.64,23363.9
1473984000,1.13,1.13,1.12,1.12,24413.94,27463.19
1474070400,1.12,1.13,1.12,1.13,575.23,643.76
1474156800,1.12,1.12,1.12,1.12,1183.18,1328.8
1474243200,1.12,1.15,1.11,1.12,50236.78,56814.55
1474329600,1.11,1.12,1.11,1.12,4300.91,4803.57
1474416000,1.12,1.12,1.11,1.11,15794.8,17615.83
1474502400,1.12,1.12,1.11,1.12,15463.81,17337.89
1474588800,1.12,1.12,1.12,1.12,22371.6,25119.02
1474675200,1.12,1.13,1.12,1.12,2631.53,2955.32
1474761600,1.13,1.13,1.12,1.12,2252.96,2538.07
1474848000,1.12,1.13,1.11,1.13,63494.7,71498.73
1474934400,1.12,1.13,1.11,1.12,9952.11,11160.51
1475020800,1.12,1.13,1.11,1.12,67170.62,75250.38
1475107200,1.12,1.12,1.11,1.12,25863.55,28915.98
1475193600,1.12,1.12,1.11,1.12,27820.46,31092.23
1475280000,1.12,1.12,1.11,1.12,7051.54,7857.48
1475366400,1.12,1.12,1.11,1.12,6031.8,6723.06
1475452800,1.11,1.12,1.11,1.12,19083.47,21307.32
1475539200,1.12,1.12,1.1,1.11,42247.88,46789.31
1475625600,1.11,1.12,1.08,1.12,9706.81,10644.41
1475712000,1.1,1.12,1.08,1.11,45390.73,49978.47
1475798400,1.1,1.11,1.05,1.1,22863.72,24517.51
1475884800,1.1,1.11,1.1,1.1,2095.46,2318.31
1475971200,1.1,1.11,1.1,1.1,3922.2,4335.28
1476057600,1.11,1.12,1.1,1.1,88401.95,98158.53
1476144000,1.1,1.11,1.09,1.11,36539.89,40270.82
1476230400,1.1,1.11,1.1,1.1,44849.55,49483.32
1476316800,1.1,1.11,1.1,1.1,123999.93,136544.04
1476403200,1.1,1.11,1.1,1.1,21496.58,23600.21
1476489600,1.1,1.11,1.1,1.1,41047.88,44956.8
1476576000,1.09,1.1,1.09,1.1,29110.9,31859.7
1476662400,1.1,1.1,1.08,1.09,29803.62,32545.98
1476748800,1.09,1.1,1.09,1.1,19016.79,20854.81
1476835200,1.09,1.1,1.09,1.09,32558.19,35613.15
1476921600,1.1,1.1,1.1,1.09,24485.36,26940.44
1477008000,1.1,1.11,1.09,1.1,29574.81,32448.45
1477094400,1.09,1.1,1.09,1.1,46773.35,50996.4
1477180800,1.08,1.09,1.08,1.09,6685.01,7244.7
1477267200,1.09,1.1,1.09,1.08,120724.82,132294.99
1477353600,1.09,1.1,1.09,1.09,102718.84,112301.65
1477440000,1.09,1.11,1.09,1.09,32041.53,35233.74
1477526400,1.09,1.11,1.08,1.09,103741.31,113145.49
1477612800,1.09,1.1,1.09,1.09,30667.29,33463.48
1477699200,1.1,1.1,1.09,1.09,13180.68,14453.85
1477785600,1.1,1.11,1.09,1.1,24966.6,27473.62
1477872000,1.09,1.1,1.09,1.1,48039.81,52525.62
1477958400,1.1,1.11,1.1,1.09,86207.29,94858.39
1478044800,1.1,1.11,1.1,1.1,14591.07,16118.36
1478131200,1.1,1.11,1.09,1.1,42149.11,46174.58
1478217600,1.11,1.11,1.08,1.1,32657.42,35717.7
1478304000,1.1,1.1,1.09,1.11,7312.59,7990.9
1478390400,1.1,1.1,1.09,1.1,19591.1,21469.13
1478476800,1.09,1.11,1.09,1.1,29579,32487.46
1478563200,1.09,1.1,1.08,1.09,24051.21,26165.49
1478649600,1.09,1.12,1.09,1.09,161772.94,177937.16
1478736000,1.08,1.1,1.08,1.09,79954.37,86878.81
1478822400,1.08,1.1,1.08,1.08,211895.62,230059.01
1478908800,1.08,1.08,1.07,1.08,57001.82,61120.2
1478995200,1.07,1.08,1.07,1.08,6798.7,7295.65
1479081600,1.07,1.08,1.07,1.07,66477.25,71465.39
1479168000,1.07,1.09,1.07,1.07,138295.77,148544.69
1479254400,1.07,1.09,1.07,1.07,144479.31,154926.06
1479340800,1.06,1.07,1.06,1.07,58616.53,62329.47
1479427200,1.06,1.09,1.06,1.06,56887.75,60683.46
1479513600,1.06,1.07,1.06,1.06,1770.31,1880.59
1479600000,1.06,1.07,1.06,1.06,46040.44,48716.71
1479686400,1.06,1.07,1.05,1.06,35171.3,37119.67
1479772800,1.06,1.09,1.05,1.06,108706.87,115287.44
1479859200,1.05,1.06,1.04,1.06,88292.52,92522.39
1479945600,1.05,1.07,1.05,1.05,80643.85,85167.21
1480032000,1.06,1.06,1.04,1.05,86830.25,90979.95
1480118400,1.05,1.05,1.05,1.06,33509.2,35095.61
1480204800,1.05,1.05,1.04,1.05,14423.78,15042.21
1480291200,1.05,1.06,1.04,1.05,160289.6,168034.16
1480377600,1.05,1.06,1.05,1.05,72629.28,76132.03
1480464000,1.05,1.07,1.05,1.05,58547.65,61808
1480550400,1.05,1.06,1.05,1.05,60881.5,63943.16
1480636800,1.06,1.07,1.05,1.05,129919.2,137712.14
1480723200,1.06,1.07,1.05,1.06,80542.29,85234.35
1480809600,1.05,1.06,1.05,1.06,149831.95,158071.89
1480896000,1.06,1.06,1.04,1.05,98239.23,103148.13
1480982400,1.06,1.07,1.05,1.06,101203.9,107120.52
1481068800,1.05,1.06,1.04,1.06,33405.45,34967.02
1481155200,1.05,1.07,1.05,1.05,66653.49,70357.69
1481241600,1.05,1.06,1.04,1.05,45881.96,47962.13
1481328000,1.05,1.06,1.05,1.05,2483.74,2614.92
1481414400,1.05,1.05,1.04,1.05,3074.83,3205.57
1481500800,1.05,1.05,1.04,1.05,64268.83,66944.05
1481587200,1.05,1.06,1.04,1.05,25622.65,26947.05
1481673600,1.06,1.07,1.05,1.05,45756.64,48448.74
1481760000,1.04,1.06,1.04,1.06,53053.95,55521.58
1481846400,1.04,1.05,1.04,1.04,46318.31,48139.48
1481932800,1.04,1.05,1.04,1.04,25291.53,26365.89
1482019200,1.04,1.04,1.04,1.04,25256.57,26239.81
1482105600,1.03,1.05,1.03,1.04,51706.24,53613.86
1482192000,1.03,1.04,1.02,1.03,41899.62,42929.24
1482278400,1.03,1.04,1.01,1.03,22597.45,23138.01
1482364800,1.03,1.04,1.01,1.03,46064.16,47092.52
1482451200,1.02,1.04,1.02,1.03,35271.06,36209.05
1482537600,1.03,1.04,1.02,1.02,27191.98,27850.48
1482624000,1.03,1.04,1.02,1.03,24654.11,25404.76
1482710400,1.03,1.05,1.02,1.03,18871.79,19495.88
1482796800,1.03,1.04,1.02,1.03,26372.46,27017.04
1482883200,1.03,1.05,1.02,1.03,122906.66,126558.31
1482969600,1.04,1.04,1.03,1.03,12174.46,12600.7
1483056000,1.04,1.05,1.03,1.04,15780.14,16495.57
1483142400,1.05,1.05,1.03,1.04,4377.57,4523.91
1483228800,1.05,1.05,1.04,1.05,22537.43,23609.92
1483315200,1.04,1.05,1.02,1.05,58485.84,60517.4
1483401600,1.03,1.05,1.03,1.04,44704.22,46175.52
1483488000,1.04,1.04,1.02,1.03,196043.44,201342.23
1483574400,1.04,1.06,1.01,1.04,255575.98,262063.27
1483660800,1.04,1.05,1.02,1.04,89016.55,92317.43
1483747200,1.03,1.04,1.02,1.04,38622.64,39789.36
1483833600,1.04,1.05,1.03,1.03,45889.74,47913.35
1483920000,1.04,1.05,1.03,1.04,19239.71,19891.94
1484006400,1.03,1.04,1.03,1.04,28683.21,29529.63
1484092800,1.03,1.04,1.01,1.03,199024.57,204062.24
1484179200,1.03,1.05,1.01,1.03,210783.97,216050.95
1484265600,1.05,1.06,1.04,1.03,159706.96,167468.73
1484352000,1.05,1.05,1.04,1.05,43414.4,45360.08
1484438400,1.03,1.04,1.03,1.05,18715.71,19410.62
1484524800,1.04,1.05,1.04,1.03,34996.14,36570.17
1484611200,1.04,1.06,1.03,1.04,151687.54,159166.39
1484697600,1.05,1.06,1.03,1.04,195692.21,204607.48
1484784000,1.05,1.06,1.04,1.05,74644.55,78447.93
1484870400,1.04,1.05,1.03,1.05,58673.63,61081.71
1484956800,1.06,1.06,1.05,1.04,31527.68,33371.01
1485043200,1.05,1.07,1.03,1.06,89806.88,94037.42
1485129600,1.05,1.06,1.04,1.05,79354.91,83227.91
1485216000,1.05,1.06,1.04,1.05,205553.52,215380.69
1485302400,1.05,1.06,1.04,1.05,69542.79,73043.08
1485388800,1.05,1.06,1.05,1.05,21426.41,22660.23
1485475200,1.04,1.05,1.04,1.05,27496.27,28807.92
1485561600,1.04,1.05,1.04,1.04,17768.32,18452.65
1485648000,1.05,1.06,1.05,1.04,4815.47,5108.73
1485734400,1.06,1.07,1.06,1.05,17616.43,18696.54
1485820800,1.06,1.07,1.05,1.06,66361,70338.94
1485907200,1.08,1.1,1.07,1.06,199665.98,214670.96
1485993600,1.07,1.08,1.07,1.08,131269.49,141281.29
1486080000,1.08,1.08,1.07,1.07,124422.3,133622.58
1486166400,1.05,1.06,1.05,1.08,10208.76,10741
1486252800,1.06,1.07,1.06,1.05,24485.53,26078.23
1486339200,1.07,1.07,1.07,1.06,43728.76,46718.53
1486425600,1.06,1.07,1.06,1.07,105581.5,112759.06
1486512000,1.06,1.07,1.05,1.06,149619.88,158280.72
1486598400,1.05,1.07,1.05,1.06,346286.4,366411.11
1486684800,1.06,1.07,1.06,1.05,187601.28,198576.67
1486771200,1.05,1.06,1.05,1.06,8204.14,8646.77
1486857600,1.06,1.06,1.06,1.05,47458.28,50237.49
1486944000,1.05,1.06,1.05,1.06,123716.3,130373.14
1487030400,1.05,1.07,1.05,1.05,102354.13,107987.99
1487116800,1.05,1.05,1.02,1.05,74610.16,77689.92
1487203200,1.06,1.06,1.04,1.05,30017.75,31534.82
1487289600,1.05,1.05,1.04,1.06,149947.7,156201.01
1487376000,1.04,1.05,1.03,1.05,35332.45,36756.54
1487462400,1.05,1.05,1.03,1.04,26437.6,27643.62
1487548800,1.05,1.06,1.04,1.05,32128.31,33653.4
1487635200,1.05,1.06,1.04,1.05,97914.87,102910.59
1487721600,1.05,1.06,1.05,1.05,44575.4,46894.89
1487808000,1.05,1.07,1.05,1.05,48599.02,51297.39
1487894400,1.07,1.08,1.04,1.05,204673.83,215539.11
1487980800,1.06,1.07,1.05,1.07,121575.38,128657.05
1488067200,1.06,1.07,1.05,1.06,27537.57,29281.61
1488153600,1.05,1.07,1.05,1.06,18069.84,19250.55
1488240000,1.06,1.07,1.05,1.05,81202.54,86024.17
1488326400,1.05,1.07,1.05,1.06,101383.05,107297.47
1488412800,1.05,1.07,1.05,1.05,202428.57,213074.66
1488499200,1.06,1.06,1.04,1.05,113498.88,119197.9
1488585600,1.06,1.06,1.05,1.06,84170.43,89129.43
1488672000,1.07,1.07,1.05,1.06,75920.2,80779.59
1488758400,1.06,1.07,1.06,1.07,273661.44,290646.92
1488844800,1.05,1.06,1.05,1.06,214959.8,226213.5
1488931200,1.06,1.06,1.05,1.05,142191.8,149428.66
1489017600,1.05,1.06,1.04,1.06,83821.27,88384.75
1489104000,1.06,1.07,1.03,1.05,554176.76,581744.52
1489190400,1.05,1.06,1.04,1.06,146344.59,154218.37
1489276800,1.06,1.07,1.05,1.05,73792.83,78405.12
1489363200,1.07,1.07,1.06,1.06,289524.74,308642.05
1489449600,1.06,1.1,1.05,1.07,315851.42,341165.89
1489536000,1.08,1.09,1.06,1.06,154736.84,166332.81
1489622400,1.08,1.09,1.07,1.08,180844.87,194275.72
1489708800,1.09,1.12,1.07,1.08,286416.62,311285.2
1489795200,1.09,1.11,1.07,1.09,182311.64,198417.39
1489881600,1.08,1.11,1.08,1.09,106533.64,116167.47
1489968000,1.08,1.1,1.07,1.08,135784.32,146720.27
1490054400,1.09,1.09,1.07,1.08,161651.3,174270
1490140800,1.08,1.09,1.07,1.09,260009.99,279946.8
1490227200,1.08,1.09,1.07,1.08,112171.75,120901.15
1490313600,1.09,1.1,1.07,1.08,291404.79,314443.3
1490400000,1.09,1.1,1.07,1.09,236359.22,255958.75
1490486400,1.08,1.11,1.08,1.09,99272.36,107989.97
1490572800,1.09,1.09,1.07,1.08,130025.98,141136.85
1490659200,1.08,1.1,1.07,1.09,114922.74,124476.4
1490745600,1.09,1.11,1.08,1.08,591308.55,647900.42
1490832000,1.08,1.1,1.07,1.09,370259.55,402919.11
1490918400,1.07,1.1,1.07,1.08,604270.39,649634.97
1491004800,1.07,1.08,1.07,1.07,65009.47,69605.02
1491091200,1.07,1.08,1.04,1.07,414348.58,441837.93
1491177600,1.07,1.08,1.06,1.07,310785.88,333277.15
1491264000,1.07,1.08,1.06,1.07,170373.13,181997.98
1491350400,1.07,1.08,1.06,1.07,151155.32,161036.85
1491436800,1.06,1.07,1.06,1.07,157390.2,167715.52
1491523200,1.06,1.07,1.06,1.06,138165.76,147081.65
1491609600,1.06,1.07,1.06,1.06,106171.06,112521.85
1491696000,1.06,1.07,1.06,1.06,69531.04,73598.38
1491782400,1.07,1.08,1.06,1.06,181897.62,194039.68
1491868800,1.06,1.08,1.06,1.07,92921.69,98660.77
1491955200,1.06,1.07,1.06,1.06,263682.9,279457.58
1492041600,1.06,1.07,1.06,1.06,162185.98,172413.13
1492128000,1.05,1.07,1.05,1.06,190347.23,200726.89
1492214400,1.06,1.07,1.06,1.05,65305.45,69358.15
1492300800,1.06,1.07,1.05,1.06,78478.21,83378.04
1492387200,1.06,1.07,1.06,1.06,112821.61,120377.54
1492473600,1.07,1.08,1.06,1.06,116008.01,124270.22
1492560000,1.08,1.08,1.07,1.07,102547.54,110224.22
1492646400,1.07,1.08,1.07,1.08,193515.56,208178.32
1492732800,1.08,1.08,1.07,1.07,131420.39,141087.98
1492819200,1.08,1.08,1.07,1.08,99691.25,107236.46
1492905600,1.09,1.09,1.07,1.08,116445.17,125561.12
1492992000,1.08,1.09,1.08,1.09,92733.31,100575.76
1493078400,1.08,1.1,1.08,1.08,95051.04,103136.43
1493164800,1.09,1.09,1.08,1.08,143272.66,155849.12
1493251200,1.1,1.11,1.09,1.09,157330.69,172987.05
1493337600,1.09,1.13,1.08,1.1,237050.21,261070.39
1493424000,1.09,1.1,1.09,1.09,108770.12,118819.43
1493510400,1.1,1.1,1.09,1.09,100221.53,110160.9
1493596800,1.11,1.12,1.1,1.1,174460.32,193164.92
1493683200,1.11,1.13,1.1,1.11,258778.67,286326.31
1493769600,1.08,1.11,1.08,1.11,379309.2,413227.41
1493856000,1.09,1.11,1.08,1.08,755530.51,822643.21
1493942400,1.09,1.11,1.07,1.09,937618.32,1018972.07
1494028800,1.1,1.11,1.09,1.09,264249.29,290632.03
1494115200,1.09,1.12,1.07,1.1,940144.08,1030747.98
1494201600,1.09,1.1,1.06,1.09,1557044.27,1689265.7
1494288000,1.07,1.1,1.06,1.09,872507.79,942547.61
1494374400,1.08,1.09,1.07,1.07,483545.86,523033.29
1494460800,1.08,1.09,1.07,1.08,335248.89,361668.98
1494547200,1.08,1.09,1.07,1.08,485282.95,526306.61
1494633600,1.08,1.09,1.08,1.08,238598.73,258086.98
1494720000,1.08,1.09,1.07,1.08,231756,249532.67
1494806400,1.08,1.09,1.07,1.08,772327.91,835276.53
1494892800,1.08,1.09,1.07,1.08,1240041.08,1341555.3
1494979200,1.09,1.1,1.06,1.08,1454353.39,1582236.06
1495065600,1.1,1.1,1.08,1.09,752406.48,820770.61
1495152000,1.11,1.12,1.09,1.1,485148.63,537389.43
1495238400,1.12,1.12,1.1,1.11,706510.69,786119.51
1495324800,1.12,1.13,1.11,1.12,425270.21,476275.02
1495411200,1.12,1.16,1.1,1.12,1815164.55,2044802.57
1495497600,1.13,1.14,1.12,1.12,737834.96,831066.5
1495584000,1.14,1.14,1.12,1.13,1345890.62,1514269.63
1495670400,1.13,1.16,1.09,1.14,2286790.17,2575439.24
1495756800,1.12,1.14,1.1,1.13,1413549.46,1572236.23
1495843200,1.1,1.12,1.05,1.12,1610121.98,1759207.58
1495929600,1.1,1.12,1.08,1.08,478120.59,530740.56
1496016000,1.11,1.14,1.09,1.1,1238170.64,1393684.65
1496102400,1.1,1.12,1.09,1.11,1374404.1,1524459.73
1496188800,1.11,1.12,1.09,1.1,891631.55,987673.8
1496275200,1.12,1.12,1.1,1.11,784176.31,876523.83
1496361600,1.12,1.12,1.1,1.12,804867.85,900954.75
1496448000,1.12,1.12,1.11,1.12,304231.75,340427.22
1496534400,1.11,1.13,1.11,1.12,618451.56,691223.4
1496620800,1.13,1.15,1.11,1.11,470717.73,528977.86
1496707200,1.13,1.15,1.12,1.13,1424544.54,1601625.53
1496793600,1.11,1.13,1.11,1.13,1057359.38,1180240.05
1496880000,1.12,1.13,1.11,1.11,995434.41,1111197.02
1496966400,1.11,1.14,1.11,1.12,693176.57,772370.82
1497052800,1.12,1.13,1.11,1.11,702297.94,782360.88
1497139200,1.13,1.14,1.12,1.12,899788.9,1010862.94
1497225600,1.12,1.14,1.11,1.13,1461343.9,1637526.37
1497312000,1.15,1.19,1.11,1.12,1230664.53,1386009.41
1497398400,1.12,1.22,1.11,1.15,971017.32,1089726.39
1497484800,1.12,1.16,1.11,1.12,1410809.37,1581775.51
1497571200,1.12,1.14,1.11,1.12,1045408.74,1167097.85
1497657600,1.11,1.13,1.1,1.12,749405.06,837795.95
1497744000,1.13,1.16,1.1,1.11,703533.9,790779.52
1497830400,1.12,1.15,1.12,1.13,1069835.47,1203076.39
1497916800,1.12,1.14,1.11,1.12,1399534.96,1571027.86
1498003200,1.12,1.13,1.11,1.12,1183217.33,1323732.3
1498089600,1.12,1.13,1.11,1.12,928230.8,1037819.2
1498176000,1.12,1.13,1.11,1.12,612614.57,685096.28
1498262400,1.12,1.12,1.11,1.12,936792.04,1047332.6
1498348800,1.12,1.13,1.11,1.12,584527.71,654267.9
1498435200,1.12,1.13,1.11,1.12,1019568.43,1145300.68
1498521600,1.14,1.15,1.12,1.12,1252067.75,1424423.48
1498608000,1.12,1.14,1.11,1.14,816975.7,921071.23
1498694400,1.12,1.14,1.11,1.12,409028.04,461958.79
1498780800,1.12,1.14,1.11,1.12,393364.14,445172.16
1498867200,1.13,1.14,1.11,1.12,252325.8,286125.5
1498953600,1.12,1.14,1.12,1.13,316255.87,357908.57
1499040000,1.12,1.13,1.11,1.12,430082.35,482813.14
1499126400,1.13,1.13,1.1,1.12,584864.68,660136.15
1499212800,1.11,1.13,1.11,1.13,350490.72,391680.94
1499299200,1.13,1.13,1.11,1.11,367916.65,414642.04
1499385600,1.13,1.14,1.11,1.13,551285.68,623380.05
1499472000,1.13,1.14,1.12,1.13,333635.93,377868.82
1499558400,1.13,1.14,1.12,1.13,99903.94,113045.81
1499644800,1.13,1.14,1.12,1.13,560350.01,635761.31
1499731200,1.12,1.14,1.12,1.13,852491.14,965144.92
1499817600,1.13,1.14,1.12,1.12,685242.29,776741.87
1499904000,1.14,1.14,1.12,1.13,357642.02,404751.53
1499990400,1.14,1.14,1.12,1.14,496596.01,562239.01
1500076800,1.13,1.14,1.12,1.14,540741.06,614774.72
1500163200,1.14,1.15,1.12,1.13,821542.91,938110.08
1500249600,1.14,1.15,1.12,1.14,907619.5,1031107.23
1500336000,1.12,1.15,1.12,1.14,1056564.78,1204798.07
1500422400,1.14,1.15,1.12,1.12,803662.16,914658.63
1500508800,1.16,1.16,1.12,1.14,1518761.24,1740256.8
1500595200,1.16,1.17,1.13,1.16,1300284.87,1499194.29
1500681600,1.16,1.17,1.15,1.16,733485.18,850182.21
1500768000,1.14,1.17,1.14,1.16,784502.06,903929.82
1500854400,1.16,1.17,1.14,1.14,1558825.41,1805334.69
1500940800,1.16,1.17,1.15,1.16,1320492.72,1530753.96
1501027200,1.15,1.17,1.14,1.16,419903.04,484769.18
1501113600,1.16,1.17,1.15,1.15,564423.77,655128.27
1501200000,1.18,1.18,1.16,1.16,277139.98,322932.99
1501286400,1.16,1.18,1.16,1.18,109339.85,127719
1501372800,1.17,1.18,1.15,1.16,123253.47,142904.56
1501459200,1.16,1.18,1.15,1.17,365492.85,424725.15
1501545600,1.18,1.18,1.16,1.16,735734.02,856866.65
1501632000,1.17,1.18,1.17,1.18,305756.21,357999.89
1501718400,1.18,1.19,1.17,1.17,129802.29,153033.7
1501804800,1.17,1.18,1.17,1.18,191305.99,225173.53
1501891200,1.18,1.19,1.17,1.17,1179441.07,1400596.37
1501977600,1.18,1.19,1.18,1.18,396356.4,467668.81
1502064000,1.18,1.18,1.17,1.18,508167.84,598989.37
1502150400,1.17,1.18,1.17,1.18,832411.2,978993.5
1502236800,1.17,1.17,1.16,1.17,397203.83,463543.73
1502323200,1.17,1.17,1.16,1.17,478158.74,559232.46
1502409600,1.18,1.18,1.17,1.17,624723.71,731224.22
1502496000,1.17,1.18,1.16,1.18,552435.64,646977.1
1502582400,1.18,1.19,1.17,1.17,903139.1,1065312.18
1502668800,1.18,1.19,1.17,1.18,695192.36,816415.97
1502755200,1.17,1.18,1.17,1.18,971613.33,1139149.53
1502841600,1.17,1.17,1.17,1.17,818678.54,958149.09
1502928000,1.17,1.17,1.17,1.17,0,0
1503014400,1.17,1.17,1.17,1.17,0,0
1503100800,1.16,1.17,1.15,1.16,848671.69,983805.41
1503187200,1.16,1.16,1.15,1.16,504143.16,584492.3
1503273600,1.17,1.17,1.16,1.16,1778227.15,2071804.27
1503360000,1.17,1.17,1.16,1.17,1569971.96,1829181.74
1503446400,1.17,1.18,1.16,1.17,1908138.42,2232343.2
1503532800,1.17,1.17,1.16,1.17,1467407.68,1713788.92
1503619200,1.18,1.18,1.17,1.17,789250.29,926150.29
1503705600,1.18,1.19,1.18,1.18,411936.13,485573.89
1503792000,1.19,1.19,1.18,1.18,680859.95,804787.25
1503878400,1.19,1.2,1.18,1.19,1198740.09,1424978.63
1503964800,1.2,1.22,1.19,1.19,865082.03,1043559.05
1504051200,1.19,1.21,1.19,1.2,521596.91,623064.14
1504137600,1.19,1.2,1.18,1.19,701766.79,832963.55
1504224000,1.18,1.2,1.18,1.19,1509883.08,1789983.02
1504310400,1.18,1.19,1.17,1.18,1300456.9,1536953.52
1504396800,1.18,1.19,1.17,1.18,979381.59,1150366.17
1504483200,1.18,1.2,1.16,1.18,2964780.6,3485178.09
1504569600,1.16,1.18,1.15,1.18,4127495.26,4794569.47
1504656000,1.17,1.18,1.15,1.16,3566944.82,4143077.78
1504742400,1.18,1.19,1.17,1.17,2154601.23,2537198.84
1504828800,1.18,1.2,1.17,1.18,3830284.96,4517459
1504915200,1.18,1.18,1.17,1.18,1278015.55,1504118.92
1505001600,1.18,1.18,1.16,1.18,1738430.04,2039925.71
1505088000,1.19,1.19,1.18,1.18,1031864.39,1224013.49
1505174400,1.19,1.19,1.18,1.19,1848516.46,2196086.36
1505260800,1.19,1.22,1.19,1.19,1924323.41,2304789.45
1505347200,1.18,1.2,1.18,1.19,2318892.31,2752192.31
1505433600,1.17,1.2,1.16,1.18,4910150.17,5801498.67
1505520000,1.17,1.19,1.16,1.17,1452593.51,1699911.32
1505606400,1.18,1.19,1.16,1.17,1029272.85,1208140.86
1505692800,1.19,1.19,1.17,1.18,1878846.27,2227748.83
1505779200,1.19,1.2,1.18,1.19,1445920.88,1719539.93
1505865600,1.19,1.2,1.19,1.19,1033021.14,1231782.24
1505952000,1.19,1.19,1.18,1.19,1028704.19,1220293.5
1506038400,1.18,1.2,1.18,1.19,1174337.47,1395280.01
1506124800,1.19,1.19,1.18,1.18,874943.36,1038357.19
1506211200,1.18,1.2,1.18,1.19,543084.25,646379.2
1506297600,1.18,1.19,1.18,1.18,704996.57,835435.16
1506384000,1.18,1.19,1.18,1.18,903747.12,1070147.79
1506470400,1.18,1.19,1.18,1.18,1160112.66,1372127.6
1506556800,1.18,1.19,1.17,1.18,879638.58,1041343.79
1506643200,1.18,1.19,1.18,1.18,923761.38,1091955.01
1506729600,1.18,1.19,1.18,1.18,569121.33,674305.99
1506816000,1.18,1.19,1.18,1.18,640340.78,756323.36
1506902400,1.17,1.19,1.17,1.18,572450.71,674399.49
1506988800,1.18,1.18,1.17,1.17,555862.86,652402.14
1507075200,1.17,1.18,1.17,1.18,445545.12,523294.14
1507161600,1.17,1.18,1.17,1.17,523159,615179.96
1507248000,1.19,1.19,1.17,1.17,681236.63,802768.63
1507334400,1.17,1.19,1.17,1.19,189758.13,223446.58
1507420800,1.18,1.19,1.17,1.17,1097187.81,1297482.39
1507507200,1.18,1.19,1.17,1.18,1271384.37,1502314.49
1507593600,1.18,1.19,1.18,1.18,780142.04,923124.62
1507680000,1.19,1.19,1.18,1.18,526238.44,622991.71
1507766400,1.19,1.2,1.19,1.19,1233654.01,1471072.32
1507852800,1.19,1.2,1.18,1.19,2218487.82,2637392.55
1507939200,1.19,1.19,1.18,1.19,666878.04,792429.93
1508025600,1.19,1.19,1.18,1.19,895606.1,1060576.89
1508112000,1.18,1.19,1.17,1.19,1038594.71,1227002.96
1508198400,1.18,1.18,1.17,1.18,867324.79,1019132.31
1508284800,1.18,1.18,1.17,1.18,1072926.15,1261120.13
1508371200,1.19,1.19,1.18,1.18,663579.89,785344.94
1508457600,1.19,1.19,1.18,1.19,793065.59,938691.52
1508544000,1.18,1.19,1.18,1.18,1268020.05,1495579.27
1508630400,1.17,1.18,1.17,1.18,557369.39,654823.07
1508716800,1.17,1.18,1.17,1.17,2093837.23,2449390.81
1508803200,1.17,1.18,1.17,1.17,1745305.24,2042970.81
1508889600,1.17,1.17,1.16,1.17,1030045.12,1202672.92
1508976000,1.16,1.18,1.16,1.17,1140328.27,1333818.32
1509062400,1.15,1.17,1.15,1.16,1182340.02,1367842.52
1509148800,1.16,1.17,1.15,1.15,381565.94,439979.66
1509235200,1.16,1.17,1.15,1.16,1353482.65,1573411.42
1509321600,1.16,1.17,1.16,1.16,521869.77,607510.95
1509408000,1.16,1.17,1.16,1.16,444657.32,517716.3
1509494400,1.16,1.17,1.16,1.16,1181690.62,1370121.44
1509580800,1.16,1.16,1.15,1.16,3498989.84,4041616.73
1509667200,1.16,1.17,1.15,1.16,3522433.5,4087689.51
1509753600,1.16,1.16,1.15,1.16,843744.13,977370.77
1509840000,1.16,1.16,1.16,1.16,483928.19,561447.42
1509926400,1.16,1.19,1.14,1.16,2998001.03,3452262.83
1510012800,1.16,1.16,1.15,1.16,2078253.67,2394680.4
1510099200,1.15,1.16,1.15,1.16,2287227.55,2643664.59
1510185600,1.15,1.16,1.14,1.15,3987244.93,4586653.86
1510272000,1.16,1.17,1.15,1.15,1913752.67,2218768.9
1510358400,1.17,1.17,1.15,1.16,2017684.77,2343251.36
1510444800,1.16,1.17,1.14,1.17,3570248.76,4152181.06
1510531200,1.16,1.17,1.14,1.16,8439322.77,9733425.73
1510617600,1.16,1.17,1.16,1.16,3810717.01,4443694.27
1510704000,1.17,1.18,1.16,1.16,2967668.04,3477352.6
1510790400,1.18,1.18,1.16,1.17,2231179.23,2616694.61
1510876800,1.18,1.2,1.17,1.18,1547049.35,1819723.36
1510963200,1.18,1.18,1.17,1.18,903333.66,1058545.18
1511049600,1.18,1.18,1.17,1.18,866696.2,1021078.87
1511136000,1.17,1.18,1.17,1.18,1797035.86,2110822.14
1511222400,1.17,1.18,1.16,1.17,3459599.42,4041383.33
1511308800,1.18,1.18,1.16,1.17,2742285.68,3213947.93
1511395200,1.18,1.19,1.17,1.18,2690471.97,3179595.98
1511481600,1.19,1.19,1.18,1.18,1479871.42,1752494.99
1511568000,1.21,1.21,1.18,1.19,2016411.14,2406547.51
1511654400,1.2,1.22,1.19,1.21,2405753.13,2884915.81
1511740800,1.2,1.21,1.19,1.2,4387461.35,5262031.6
1511827200,1.2,1.22,1.19,1.2,3133633.05,3754558.97
1511913600,1.18,1.22,1.18,1.2,9893788.96,11811225.44
1512000000,1.17,1.19,1.17,1.18,7991843.89,9407275.5
1512086400,1.19,1.19,1.17,1.17,11567811.81,13691111.76
1512172800,1.18,1.19,1.18,1.19,2173001.74,2576908.38
1512259200,1.19,1.23,1.18,1.18,4763818.21,5700505.73
1512345600,1.19,1.2,1.18,1.19,3684138.33,4371124.53
1512432000,1.18,1.19,1.18,1.19,2879392.89,3411256.42
1512518400,1.17,1.2,1.16,1.18,8874596.82,10405717.38
1512604800,1.2,1.2,1.16,1.17,12849907.6,15057017.1
1512691200,1.19,1.2,1.16,1.2,16600533.85,19578684.12
1512777600,1.2,1.21,1.18,1.19,11580481.58,13831766.21
1512864000,1.2,1.22,1.18,1.2,14974186.76,17966724.45
1512950400,1.21,1.22,1.18,1.19,13136593.32,15703195.4
1513036800,1.19,1.21,1.17,1.21,26838259.72,31986375.56
1513123200,1.19,1.2,1.17,1.2,23338718.5,27559626.68
1513209600,1.2,1.2,1.18,1.19,17198312,20480131.74
1513296000,1.2,1.22,1.19,1.2,26211776.98,31404783.36
1513382400,1.19,1.2,1.18,1.2,10214461.21,12168764.44
1513468800,1.19,1.2,1.19,1.19,8993951.01,10758537.45
1513555200,1.19,1.2,1.18,1.19,13036143.8,15464477.63
1513641600,1.19,1.19,1.17,1.19,13821919.22,16322644.92
1513728000,1.19,1.2,1.18,1.19,22768877.14,26983239.97
1513814400,1.19,1.2,1.18,1.19,20263970.22,24087624.36
1513900800,1.2,1.43,1.18,1.19,47696558.31,57214841.18
1513987200,1.19,1.21,1.18,1.2,18578328.67,22182201.75
1514073600,1.2,1.2,1.18,1.19,10100285.97,11990513.7
1514160000,1.19,1.2,1.19,1.2,6972086.41,8337330.05
1514246400,1.2,1.21,1.19,1.19,7944741.56,9532512.67
1514332800,1.19,1.21,1.19,1.2,15277271.69,18263466.66
1514419200,1.19,1.19,1.18,1.19,9312609.67,11066397.96
1514505600,1.19,1.2,1.18,1.19,17354460.2,20657246.85
1514592000,1.19,1.19,1.18,1.19,25728681.56,30503598.02
1514678400,1.2,1.2,1.19,1.19,8683083.51,10366128.36
1514764800,1.2,1.2,1.19,1.2,5691461.12,6819588.02
1514851200,1.2,1.21,1.19,1.2,10380395.42,12473821.05
1514937600,1.19,1.21,1.19,1.2,13712200.62,16422861.24
1515024000,1.2,1.2,1.19,1.19,20802984.49,24869044.4
1515110400,1.21,1.21,1.19,1.2,17404788.55,20963397.86
1515196800,1.21,1.22,1.2,1.21,7589042.87,9187302.79
1515283200,1.21,1.22,1.2,1.21,9326919.37,11286858.78
1515369600,1.2,1.22,1.2,1.21,16305761.84,19695732.27
1515456000,1.21,1.21,1.19,1.2,13443941.69,16149001.26
1515542400,1.2,1.21,1.2,1.21,21587781.17,25998960.18
1515628800,1.21,1.22,1.19,1.2,23871428.87,28752768.93
1515715200,1.21,1.23,1.21,1.21,12801044,15599202.77
1515801600,1.22,1.22,1.21,1.21,5425202.49,6605604.59
1515888000,1.22,1.22,1.21,1.22,6438184.47,7809536.68
1515974400,1.22,1.23,1.21,1.22,6457906,7881343.2
1516060800,1.22,1.23,1.21,1.22,32827514.75,39923657.66
1516147200,1.21,1.23,1.2,1.22,37191682.25,45304225.8
1516233600,1.21,1.21,1.19,1.21,24830606.8,29888195.82
1516320000,1.21,1.21,1.2,1.21,10676722.88,12874407.42
1516406400,1.21,1.22,1.21,1.21,6392581.35,7774225.41
1516492800,1.21,1.22,1.2,1.21,11249110.92,13581044.91
1516579200,1.22,1.22,1.21,1.21,17879958.92,21693060.76
1516665600,1.22,1.23,1.21,1.22,11847057.87,14488315.45
1516752000,1.24,1.24,1.22,1.22,6837997.69,8418659.22
1516838400,1.24,1.25,1.23,1.24,8603662.35,10674470.21
1516924800,1.24,1.25,1.24,1.24,6448263.92,8006160.01
1517011200,1.25,1.25,1.24,1.24,3265646.92,4060351.2
1517097600,1.24,1.26,1.24,1.25,5145490.99,6422567.55
1517184000,1.24,1.24,1.24,1.24,3766576.85,4670418.64
1517270400,1.24,1.24,1.23,1.24,7054303.73,8730084.27
1517356800,1.25,1.25,1.24,1.24,3678692.89,4576822.54
1517443200,1.26,1.27,1.24,1.25,10037305.95,12594886.68
1517529600,1.25,1.27,1.25,1.26,26498755.88,33409021.19
1517616000,1.25,1.25,1.24,1.25,5800392.5,7229476.53
1517702400,1.25,1.26,1.24,1.25,5906088.49,7376564.32
1517788800,1.25,1.26,1.24,1.25,13108792.38,16400797.45
1517875200,1.25,1.26,1.24,1.25,24729882.77,30810656.68
1517961600,1.23,1.25,1.23,1.25,8603888.22,10652485.75
1518048000,1.23,1.23,1.22,1.23,5977294.82,7327428.3
1518134400,1.23,1.23,1.22,1.23,6322992.08,7747057.64
1518220800,1.22,1.23,1.22,1.23,7591353.67,9281151.77
1518307200,1.23,1.23,1.22,1.22,4461147.84,5449546.34
1518393600,1.23,1.23,1.22,1.23,3807959.07,4670946.81
1518480000,1.23,1.24,1.23,1.23,2486741.64,3058245.7
1518566400,1.24,1.25,1.23,1.23,5384447.72,6659777.2
1518652800,1.24,1.25,1.24,1.24,5805291.34,7216465.06
1518739200,1.24,1.25,1.24,1.24,4669032.76,5814874.54
1518825600,1.24,1.24,1.23,1.24,3997346.57,4947740.67
1518912000,1.24,1.24,1.23,1.24,4183992.72,5163253.38
1518998400,1.24,1.24,1.23,1.24,1487617.2,1840312.86
1519084800,1.23,1.24,1.23,1.24,3193395.06,3937989.15
1519171200,1.23,1.23,1.23,1.23,3900926.5,4801964.51
1519257600,1.23,1.24,1.22,1.23,3824424.81,4707249.09
1519344000,1.23,1.24,1.23,1.23,2049611.36,2522047.61
1519430400,1.23,1.23,1.22,1.23,2932902.59,3599226.37
1519516800,1.23,1.23,1.22,1.23,1445575.73,1771682.62
1519603200,1.23,1.23,1.23,1.23,2396535.31,2950091.74
1519689600,1.23,1.24,1.22,1.23,1918039.45,2354932.59
1519776000,1.22,1.23,1.22,1.23,1367870.72,1671280.67
1519862400,1.23,1.23,1.22,1.22,1498233.79,1833163.95
1519948800,1.23,1.23,1.22,1.23,1604829.96,1975496.22
1520035200,1.24,1.24,1.23,1.23,866458.24,1070697.69
1520121600,1.23,1.24,1.23,1.24,1074198.3,1325871.88
1520208000,1.24,1.24,1.23,1.23,2940485.54,3624405.25
1520294400,1.24,1.24,1.23,1.24,2868373.94,3547540.23
1520380800,1.24,1.24,1.23,1.24,3252211.44,4023063.14
1520467200,1.23,1.24,1.23,1.24,3545196.39,4374134.41
1520553600,1.23,1.23,1.23,1.23,2474928.4,3042962.69
1520640000,1.23,1.23,1.22,1.23,1452857.97,1782793.07
1520726400,1.23,1.23,1.22,1.23,2191163.68,2694221.92
1520812800,1.23,1.23,1.23,1.23,1471336.99,1809804.01
1520899200,1.24,1.24,1.23,1.23,1714442.44,2115272.08
1520985600,1.23,1.24,1.23,1.24,3240631.59,4000532.32
1521072000,1.23,1.24,1.23,1.23,3680232.91,4531339.27
1521158400,1.23,1.23,1.21,1.23,2286941.15,2807923.8
1521244800,1.23,1.23,1.22,1.23,1175788.32,1442818.09
1521331200,1.23,1.23,1.22,1.23,3818005.53,4692534.67
1521417600,1.23,1.23,1.22,1.23,2756554.95,3387527.31
1521504000,1.22,1.23,1.22,1.23,2100397.29,2576607.42
1521590400,1.23,1.23,1.22,1.22,1599272.95,1962134.59
1521676800,1.23,1.24,1.23,1.23,1729487.9,2130556.33
1521763200,1.24,1.24,1.23,1.23,1027459.85,1266657.76
1521849600,1.23,1.24,1.21,1.24,683042.59,843279.68
1521936000,1.23,1.24,1.23,1.23,634343.25,781985.02
1522022400,1.24,1.24,1.23,1.23,2587937.68,3203447.35
1522108800,1.24,1.24,1.24,1.24,1630554.73,2020590.83
1522195200,1.23,1.24,1.23,1.24,1295658.23,1600711.35
1522281600,1.24,1.24,1.23,1.23,4206181.49,5185707.29
1522368000,1.24,1.24,1.23,1.24,2508248,3104648.99
1522454400,1.24,1.24,1.23,1.24,812517.55,1004901.32
1522540800,1.23,1.24,1.23,1.24,994227.14,1226633.03
1522627200,1.23,1.24,1.23,1.23,430155.92,530204.51
1522713600,1.22,1.25,1.22,1.23,1983022.38,2436724.1
1522800000,1.23,1.23,1.22,1.22,748912.68,918811.2
1522886400,1.22,1.23,1.22,1.23,830705.16,1016696.42
1522972800,1.23,1.23,1.18,1.22,799068.85,978173.55
1523059200,1.23,1.23,1.22,1.23,567092.65,696962.38
1523145600,1.23,1.23,1.22,1.23,343620.69,421743.88
1523232000,1.23,1.24,1.22,1.23,1144282.84,1407849.47
1523318400,1.24,1.24,1.23,1.23,467002.18,576028.19
1523404800,1.24,1.24,1.23,1.24,358379.07,443225.57
1523491200,1.23,1.24,1.23,1.24,1704555.68,2102702.39
1523577600,1.23,1.24,1.23,1.23,1067164.4,1314674.65
1523664000,1.23,1.24,1.23,1.23,491013.5,606311.1
1523750400,1.23,1.24,1.23,1.23,427441.47,526368.03
1523836800,1.24,1.24,1.23,1.23,741581.24,916367.3
1523923200,1.24,1.24,1.23,1.24,1127307.24,1393230.26
1524009600,1.24,1.24,1.23,1.24,901758.45,1116561.88
1524096000,1.23,1.24,1.23,1.24,604521.33,747170.11
1524182400,1.23,1.24,1.23,1.23,1576961.21,1940062.52
1524268800,1.23,1.23,1.22,1.23,1814714.27,2226938.44
1524355200,1.23,1.23,1.22,1.23,1486880.38,1826853.09
1524441600,1.22,1.23,1.22,1.23,1444854.89,1768018.71
1524528000,1.22,1.23,1.22,1.22,3709913.58,4533318.39
1524614400,1.22,1.23,1.21,1.22,13614494.92,16627160.4
1524700800,1.21,1.22,1.21,1.22,2000580.82,2432471.78
1524787200,1.21,1.22,1.21,1.21,1405016.45,1701253.95
1524873600,1.22,1.22,1.21,1.21,1222577.9,1482701.31
1524960000,1.21,1.22,1.2,1.22,656458.56,796034.34
1525046400,1.21,1.22,1.21,1.21,872049.47,1054952.4
1525132800,1.2,1.21,1.2,1.21,3383349.18,4080761.13
1525219200,1.2,1.21,1.2,1.2,1446100.25,1735919.32
1525305600,1.2,1.2,1.19,1.2,1018284.7,1222600.62
1525392000,1.2,1.2,1.19,1.2,2089656.75,2503198.71
1525478400,1.2,1.2,1.18,1.2,1102207.08,1320209.22
1525564800,1.2,1.2,1.18,1.2,1051589.36,1257651.3
1525651200,1.19,1.2,1.19,1.2,1205659.04,1439381
1525737600,1.19,1.2,1.18,1.19,1005522.48,1193942.19
1525824000,1.19,1.19,1.1,1.19,24843064.19,29481424.85
1525910400,1.19,1.2,1.19,1.19,700826.47,834039.94
1525996800,1.2,1.2,1.19,1.19,1130126.68,1349313.38
1526083200,1.19,1.22,1.19,1.2,929429.04,1113584.81
1526169600,1.19,1.22,1.18,1.19,534634.48,637782.79
1526256000,1.19,1.2,1.19,1.19,1256247.74,1503240.7
1526342400,1.18,1.2,1.17,1.19,1370360.13,1627905.96
1526428800,1.18,1.19,1.17,1.18,1396149.34,1648536.03
1526515200,1.18,1.18,1.18,1.18,655624.45,773603.83
1526601600,1.16,1.19,1.16,1.18,508780.69,599976.19
1526688000,1.18,1.19,1.16,1.16,346281.11,407362.81
1526774400,1.17,1.19,1.16,1.18,660440.77,776596.49
1526860800,1.18,1.18,1.17,1.17,838746.05,986859.77
1526947200,1.18,1.18,1.17,1.18,583051.28,687304.98
1527033600,1.17,1.18,1.17,1.18,1767158.83,2070168.95
1527120000,1.17,1.18,1.17,1.17,607657.91,713242.36
1527206400,1.17,1.2,1.16,1.17,405485.23,474054.3
1527292800,1.17,1.2,1.16,1.17,163129.49,190483.78
1527379200,1.17,1.18,1.16,1.17,353607.32,413369.67
1527465600,1.16,1.19,1.16,1.17,1664184.57,1941082.61
1527552000,1.16,1.17,1.15,1.16,1081053.97,1250296.9
1527638400,1.17,1.17,1.15,1.15,468431.37,543657.98
1527724800,1.17,1.17,1.16,1.17,1090953.06,1272407.75
1527811200,1.16,1.17,1.16,1.17,389510.76,454374.97
1527897600,1.17,1.17,1.15,1.16,267938.35,312218.28
1527984000,1.17,1.17,1.15,1.17,661450.6,771192.85
1528070400,1.17,1.18,1.17,1.17,760986.41,890346.42
1528156800,1.17,1.17,1.17,1.17,794163.61,927751.74
1528243200,1.17,1.18,1.17,1.17,661690.15,777042.8
1528329600,1.18,1.18,1.17,1.17,544688.79,642465.79
1528416000,1.18,1.18,1.17,1.18,410035.09,482310.61
1528502400,1.17,1.18,1.14,1.18,186796.32,219052.64
1528588800,1.18,1.18,1.17,1.17,1038003.41,1218671.55
1528675200,1.17,1.18,1.17,1.18,707585.58,833097.76
1528761600,1.18,1.18,1.17,1.17,488418.11,574235.12
1528848000,1.18,1.18,1.17,1.18,543810.43,639919.81
1528934400,1.16,1.18,1.15,1.18,1945848.8,2275998.43
1529020800,1.16,1.17,1.15,1.16,333623.2,386762.27
1529107200,1.16,1.18,1.16,1.16,151048.74,175818.12
1529193600,1.16,1.17,1.16,1.16,295234.57,342853.42
1529280000,1.16,1.16,1.16,1.16,488847.19,567495.42
1529366400,1.16,1.16,1.15,1.16,310490.73,358950.27
1529452800,1.15,1.17,1.15,1.16,520838.86,606990.07
1529539200,1.16,1.17,1.14,1.15,1075013.16,1250685.73
1529625600,1.16,1.17,1.16,1.16,2590889.54,3023440.22
1529712000,1.17,1.18,1.15,1.16,943799.96,1107132.26
1529798400,1.17,1.18,1.16,1.17,1683670.73,1968826.98
1529884800,1.17,1.17,1.15,1.17,928609.7,1087705.48
1529971200,1.17,1.17,1.16,1.17,911560.76,1067789.51
1530057600,1.16,1.17,1.15,1.17,870257.32,1017804.32
1530144000,1.15,1.16,1.15,1.16,1124524.02,1307336.64
1530230400,1.17,1.17,1.15,1.15,1141773.52,1336909.33
1530316800,1.17,1.17,1.15,1.17,807763.64,950353.85
1530403200,1.17,1.17,1.15,1.17,536750.04,629732.4
1530489600,1.16,1.17,1.16,1.17,448666.57,523347.41
1530576000,1.17,1.17,1.16,1.16,365608.87,426923.29
1530662400,1.16,1.17,1.15,1.17,395676.21,461199.55
1530748800,1.17,1.17,1.15,1.16,2017707.99,2349074.07
1530835200,1.17,1.18,1.15,1.17,749375.97,887875.52
1530921600,1.17,1.18,1.14,1.17,557783.44,667883.78
1531008000,1.16,1.18,1.14,1.17,961651.62,1144995.65
1531094400,1.17,1.18,1.16,1.16,902289.38,1071215.35
1531180800,1.17,1.17,1.16,1.17,426835.22,509607.11
1531267200,1.16,1.17,1.16,1.17,719337,865752.64
1531353600,1.17,1.17,1.15,1.16,878865.75,1033112.74
1531440000,1.17,1.17,1.15,1.17,1482279.45,1747318.25
1531526400,1.17,1.17,1.16,1.17,888852.5,1046287.77
1531612800,1.16,1.17,1.15,1.17,658290.69,776086.08
1531699200,1.17,1.17,1.16,1.16,2619603.19,3084655.27
1531785600,1.16,1.17,1.16,1.17,4548677.63,5356763.2
1531872000,1.16,1.17,1.16,1.16,3327332.96,3912746.42
1531958400,1.17,1.17,1.15,1.16,2438081.46,2850204.62
1532044800,1.17,1.17,1.16,1.17,3289837.13,3840488.84
1532131200,1.17,1.17,1.16,1.17,3506251.7,4102337.12
1532217600,1.17,1.21,1.17,1.17,2331075.23,2727365.52
1532304000,1.17,1.17,1.16,1.17,3574547.9,4185611.23
1532390400,1.17,1.17,1.16,1.17,2285501.86,2671560.51
1532476800,1.17,1.17,1.16,1.17,555045.34,648804.87
1532563200,1.16,1.17,1.16,1.17,377945.3,441445.16
1532649600,1.16,1.17,1.16,1.16,239392.78,278825.28
1532736000,1.16,1.17,1.16,1.16,85504.21,99581.7
1532822400,1.17,1.17,1.15,1.16,68950.93,80434.51
1532908800,1.17,1.17,1.16,1.17,195770.42,228732.03
1532995200,1.17,1.17,1.17,1.17,466896.94,546660.17
1533081600,1.17,1.17,1.16,1.17,328696.7,383684.46
1533168000,1.16,1.17,1.15,1.17,364986.23,423720.28
1533254400,1.16,1.16,1.15,1.16,1001987.05,1162493.15
1533340800,1.16,1.16,1.15,1.16,426898.43,494708.27
1533427200,1.16,1.16,1.14,1.16,194930.24,225656.48
1533513600,1.16,1.16,1.15,1.16,747273.29,864798.55
1533600000,1.16,1.16,1.15,1.16,844604.39,979702.35
1533686400,1.16,1.17,1.16,1.16,676089.95,784566.45
1533772800,1.15,1.17,1.15,1.16,439702.5,509506.43
1533859200,1.14,1.16,1.14,1.15,844720.82,967665.67
1533945600,1.14,1.15,1.13,1.14,423009.56,482010.13
1534032000,1.14,1.14,1.12,1.14,255485.8,291078.79
1534118400,1.14,1.14,1.13,1.14,423294.98,482057.81
1534204800,1.13,1.15,1.13,1.14,855133.32,973120.49
1534291200,1.13,1.14,1.13,1.13,250989.87,284059.46
1534377600,1.13,1.14,1.13,1.13,497156.92,564773.14
1534464000,1.14,1.15,1.13,1.13,736160.54,839267.28
1534550400,1.14,1.15,1.14,1.14,597584.9,683307.54
1534636800,1.14,1.16,1.14,1.14,638164.54,732583.81
1534723200,1.15,1.15,1.14,1.14,689968.17,788617.22
1534809600,1.15,1.16,1.14,1.15,711868.47,821315.56
1534896000,1.16,1.16,1.14,1.15,418559.28,484483.82
1534982400,1.15,1.16,1.15,1.16,205803.18,237831.63
1535068800,1.16,1.17,1.14,1.15,1415178.1,1636462.44
1535155200,1.16,1.17,1.15,1.16,65978.36,77856.41
1535241600,1.16,1.17,1.15,1.16,93220.27,108194.92
1535328000,1.17,1.17,1.15,1.16,382305.58,445377.19
1535414400,1.17,1.17,1.16,1.17,1139928.96,1333030.3
1535500800,1.17,1.17,1.16,1.17,517103.54,603986.16
1535587200,1.16,1.17,1.15,1.17,533161.03,622360.52
1535673600,1.16,1.17,1.15,1.16,1290115.88,1500434.34
1535760000,1.17,1.17,1.16,1.16,306328.67,355617.24
1535846400,1.16,1.17,1.13,1.17,208411.45,241862.48
1535932800,1.16,1.17,1.15,1.16,349792.09,406462.25
1536019200,1.16,1.17,1.15,1.16,764708.02,886960.31
1536105600,1.16,1.17,1.15,1.16,744901.32,864217.16
1536192000,1.16,1.17,1.08,1.16,797213.52,923154.88
1536278400,1.15,1.17,1.14,1.16,342669.52,396607.32
1536364800,1.15,1.16,1.1,1.15,233617.19,269187.65
1536451200,1.15,1.16,1.13,1.15,157826.62,181791.2
1536537600,1.16,1.16,1.15,1.15,1058449.83,1225073.2
1536624000,1.16,1.16,1.15,1.16,531218.17,613814.02
1536710400,1.16,1.16,1.15,1.16,415680.59,481411.77
1536796800,1.17,1.17,1.16,1.16,1905260,2215353.51
1536883200,1.16,1.17,1.15,1.17,1092564.74,1272762.71
1536969600,1.16,1.17,1.15,1.16,202761.75,235731.78
1537056000,1.16,1.16,1.15,1.16,286500.37,332444.8
1537142400,1.17,1.17,1.16,1.16,771098.43,898138.16
1537228800,1.16,1.17,1.14,1.17,1357807,1582152.87
1537315200,1.16,1.17,1.16,1.16,473507.24,551796.26
1537401600,1.18,1.18,1.16,1.16,1630047.98,1916325.08
1537488000,1.18,1.18,1.16,1.18,1843135.41,2163248.49
1537574400,1.18,1.18,1.17,1.18,814858.94,955901.3
1537660800,1.17,1.18,1.17,1.18,208091.09,243887.51
1537747200,1.18,1.18,1.17,1.17,772682.25,907780.03
1537833600,1.17,1.18,1.17,1.18,689013.57,808613.77
1537920000,1.17,1.18,1.17,1.17,454200.85,532865.89
1538006400,1.16,1.18,1.16,1.17,660175.37,771207.78
1538092800,1.15,1.17,1.15,1.16,371670.59,430377.54
1538179200,1.15,1.16,1.15,1.15,191973.29,221496
1538265600,1.16,1.16,1.14,1.15,169788.36,196252.78
1538352000,1.16,1.16,1.14,1.16,612551.39,708858.98
1538438400,1.15,1.16,1.15,1.16,507782.98,583178.54
1538524800,1.15,1.16,1.15,1.15,361299.41,416809.54
1538611200,1.15,1.15,1.14,1.15,610068.88,700224.82
1538697600,1.15,1.15,1.14,1.15,358214.16,411266.38
1538784000,1.15,1.2,1.14,1.15,1415318.98,1646309.18
1538870400,1.15,1.16,1,1.15,1703076.55,1947709.4
1538956800,1.14,1.15,1.14,1.15,486783.49,557976.69
1539043200,1.14,1.15,1.12,1.14,374999.95,427272.24
1539129600,1.15,1.16,1.14,1.14,473120.84,543908.02
1539216000,1.16,1.17,1.14,1.15,1222753.88,1411042.52
1539302400,1.15,1.17,1.14,1.16,663231.76,767402.83
1539388800,1.15,1.16,1.14,1.15,479889.14,552608.81
1539475200,1.15,1.16,1.14,1.15,478755.9,551977.47
1539561600,1.16,1.16,1.15,1.15,1187600.63,1370362.03
1539648000,1.15,1.16,1.15,1.16,439329.67,506829.08
1539734400,1.14,1.16,1.14,1.15,256170.12,293743.69
1539820800,1.13,1.15,1.13,1.14,888712.6,1018393.4
1539907200,1.15,1.16,1.13,1.13,1263059,1456093.82
1539993600,1.15,1.15,1.13,1.15,147077.96,168616.64
1540080000,1.15,1.15,1.14,1.15,211569.64,242091.76
1540166400,1.14,1.15,1.14,1.15,566762.8,649075.93
1540252800,1.15,1.15,1.14,1.14,822106.22,940828.78
1540339200,1.14,1.15,1.13,1.15,423369.14,480280.7
1540425600,1.14,1.14,1.13,1.14,325739.61,369781.29
1540512000,1.13,1.14,1.12,1.14,367402.22,415478.81
1540598400,1.13,1.14,1.09,1.13,55339.09,62643.63
1540684800,1.14,1.14,1.09,1.13,201739.63,228691.43
1540771200,1.14,1.14,1.13,1.14,686435.59,776628.08
1540857600,1.13,1.14,1.12,1.14,246780.83,279252.25
1540944000,1.13,1.14,1.12,1.13,382240.48,429963.55
1541030400,1.13,1.14,1.12,1.13,390905.88,442920.65
1541116800,1.14,1.14,1.13,1.13,812810.78,924388.23
1541203200,1.14,1.14,1.11,1.14,58342.15,66241.83
1541289600,1.14,1.14,1.06,1.14,226506.11,255000.84
1541376000,1.13,1.14,1.13,1.14,399450.67,453026.31
1541462400,1.14,1.14,1.13,1.13,673479.51,766569.78
1541548800,1.13,1.15,1.13,1.14,521619.92,594037.13
1541635200,1.13,1.14,1.12,1.13,595514.73,677610.22
1541721600,1.12,1.14,1.12,1.13,457449.98,516284.22
1541808000,1.13,1.14,1.1,1.12,61444.67,69185.02
1541894400,1.13,1.14,1.1,1.13,83658.62,94243.09
1541980800,1.12,1.13,1.1,1.13,578120.45,648217.11
1542067200,1.12,1.13,1.11,1.12,475757.04,531941.1
1542153600,1.12,1.13,1.11,1.12,1642043.63,1846200
1542240000,1.13,1.13,1.12,1.12,916616.86,1032991.87
1542326400,1.14,1.15,1.1,1.13,401517.11,454885.8
1542412800,1.14,1.16,1.13,1.14,107347.52,122586.86
1542499200,1.13,1.14,1.11,1.14,121522.12,138055.92
1542585600,1.15,1.15,1.13,1.13,1212684.93,1381729.81
1542672000,1.13,1.15,1.13,1.15,2136734.42,2433739.56
1542758400,1.14,1.14,1.13,1.13,1176882.14,1336841.9
1542844800,1.14,1.15,1.13,1.14,345810.17,393058.76
1542931200,1.12,1.14,1.12,1.14,977055.72,1107498.55
1543017600,1.13,1.14,1.11,1.12,570729.2,645115.64
1543104000,1.13,1.14,1.1,1.13,1059295.47,1198267.46
1543190400,1.13,1.14,1.12,1.13,655768.67,741136.13
1543276800,1.13,1.14,1.12,1.13,717366.44,809587.13
1543363200,1.13,1.14,1.12,1.13,967557.34,1091376.62
1543449600,1.14,1.14,1.12,1.13,541172.3,613288.05
1543536000,1.12,1.14,1.12,1.14,380051.3,429625.54
1543622400,1.11,1.13,1.1,1.12,121411.7,136873.04
1543708800,1.12,1.13,1.11,1.11,156526.64,176185.2
1543795200,1.13,1.14,1.12,1.12,417232.56,472304.01
1543881600,1.13,1.15,1.12,1.13,492100.8,557408.31
1543968000,1.14,1.14,1.09,1.13,392623.04,443837.89
1544054400,1.14,1.14,1.12,1.14,691676.69,784569.59
1544140800,1.14,1.14,1.13,1.14,1330920.47,1510836.22
1544227200,1.13,1.16,1.13,1.14,315793.47,359066.89
1544313600,1.13,1.14,1.12,1.13,173229.37,195340.15
1544400000,1.13,1.15,1.12,1.13,593801.38,672354.39
1544486400,1.13,1.14,1.12,1.13,572288.33,647460.82
1544572800,1.13,1.14,1.12,1.13,416473.42,470147.3
1544659200,1.13,1.14,1.1,1.13,571729.04,646981.06
1544745600,1.11,1.14,1.11,1.13,373568.32,419948.51
1544832000,1.12,1.13,1.09,1.11,82439.9,92515.77
1544918400,1.13,1.13,1.09,1.12,109457.99,122363.59
1545004800,1.13,1.14,1.12,1.13,699154.82,788088.98
1545091200,1.13,1.15,1.11,1.13,303536.86,344579.45
1545177600,1.13,1.14,1.13,1.13,772749.84,877854.76
1545264000,1.14,1.15,1.04,1.13,2025737.57,2270483.59
1545350400,1.13,1.15,1.12,1.14,978190.38,1112336.09
1545436800,1.13,1.14,1.1,1.13,118595.66,133908.24
1545523200,1.13,1.13,1.1,1.13,234827.62,265503.2
1545609600,1.13,1.14,1.13,1.13,693231.42,788712.07
1545696000,1.14,1.14,1.12,1.13,688494.43,779357.49
1545782400,1.12,1.15,1.12,1.14,119908.73,136487.05
1545868800,1.13,1.15,1.12,1.12,274832.04,312774.16
1545955200,1.14,1.16,1.13,1.13,509341.12,581654.18
1546041600,1.14,1.15,1.13,1.14,427749.71,488100.38
1546128000,1.14,1.16,1.13,1.14,312030.18,355128.26
1546214400,1.13,1.15,1.13,1.14,272826.76,310527.54
1546300800,1.14,1.16,1.13,1.13,158735.35,181734.93
1546387200,1.13,1.15,1.13,1.14,267484.29,304138.98
1546473600,1.14,1.14,1.13,1.13,223004.11,253441.24
1546560000,1.13,1.15,1.12,1.14,146438.87,166898.53
1546646400,1.12,1.15,1.11,1.13,135079.08,153007.59
1546732800,1.14,1.14,1.12,1.12,267552.18,303912.48
1546819200,1.13,1.15,1.12,1.14,298222.87,340277.79
1546905600,1.14,1.16,1.11,1.13,248195.59,283256.46
1546992000,1.15,1.15,1.11,1.14,334143.15,382974.84
1547078400,1.15,1.16,1.13,1.15,794565.97,913881.86
1547164800,1.13,1.16,1.12,1.15,248930.69,285283.44
1547251200,1.12,1.14,1.1,1.13,112300.09,127904.69
1547337600,1.13,1.15,1.09,1.12,127607.08,145578.68
1547424000,1.14,1.15,1.11,1.13,464659.97,531320.37
1547510400,1.13,1.15,1.12,1.14,438025.55,497510.89
1547596800,1.14,1.15,1.08,1.13,209041.77,236952.86
1547683200,1.13,1.14,1.09,1.14,90680.82,102757.11
1547769600,1.12,1.14,1.11,1.13,196557.28,222874.68
1547856000,1.13,1.14,1.12,1.12,174916.1,198286.17
1547942400,1.13,1.14,1.11,1.13,172553.54,195339.92
1548028800,1.13,1.14,1.12,1.13,192760.57,218327.9
1548115200,1.13,1.14,1.11,1.13,667153.06,755507.86
1548201600,1.1,1.14,1.1,1.13,164591.97,186142.22
1548288000,1.11,1.14,1.1,1.1,328436.74,371594.81
1548374400,1.12,1.14,1.11,1.11,250643.8,283686.34
1548460800,1.13,1.14,1.11,1.12,142077.1,160903.3
1548547200,1.12,1.14,1.1,1.13,75302.7,85363.61
1548633600,1.12,1.14,1.11,1.12,204940.72,231967.66
1548720000,1.14,1.14,1.1,1.12,193259.49,218583.2
1548806400,1.13,1.15,1.08,1.14,206059.21,233804.69
1548892800,1.14,1.15,1.11,1.13,278728.98,316422.61
1548979200,1.14,1.15,1.12,1.14,218501.73,247718.23
1549065600,1.14,1.15,1.1,1.14,126544.37,144027.36
1549152000,1.13,1.15,1.1,1.14,71843.27,81769.78
1549238400,1.14,1.14,1.12,1.13,430838.84,490497
1549324800,1.13,1.14,1.12,1.14,609704.02,693902.23
1549411200,1.13,1.14,1.1,1.13,446102.1,503455.93
1549497600,1.12,1.14,1.1,1.13,290594.31,327667.35
1549584000,1.12,1.13,1.11,1.12,712753.73,802592.32
1549670400,1.13,1.13,1.1,1.12,158522.45,178811.85
1549756800,1.13,1.13,1.07,1.13,129355.89,145492.49
1549843200,1.12,1.13,1.11,1.13,437185.39,490590.86
1549929600,1.12,1.13,1.11,1.12,618514.18,695297.64
1550016000,1.11,1.13,1.09,1.12,348034.15,390509.66
1550102400,1.13,1.13,1.08,1.11,175029.09,195362.1
1550188800,1.1,1.13,1.1,1.13,200734.07,224957.9
1550275200,1.12,1.13,1.1,1.1,152429.19,170981.32
1550361600,1.12,1.13,1.11,1.12,225610.65,252758.18
1550448000,1.12,1.13,1.1,1.12,515459.56,579172.99
1550534400,1.12,1.13,1.11,1.12,474671.72,533564.13
1550620800,1.12,1.14,1.1,1.12,314786.93,354891.75
1550707200,1.11,1.13,1.1,1.12,127972.89,143636.37
1550793600,1.12,1.14,1.1,1.11,167347.5,188534.36
1550880000,1.11,1.14,1.1,1.12,170911.04,192607.79
1550966400,1.13,1.14,1.1,1.11,464594.44,523032.39
1551052800,1.13,1.14,1.11,1.13,314685.35,355540.17
1551139200,1.11,1.14,1.11,1.13,250301.33,282715.13
1551225600,1.13,1.14,1.1,1.11,194899.46,221002.76
1551312000,1.13,1.14,1.09,1.13,303846.74,343287.69
1551398400,1.13,1.14,1.11,1.13,529933.68,601666.53
1551484800,1.12,1.14,1.12,1.13,97837.5,110886.34
1551571200,1.13,1.14,1.09,1.12,59376.67,67128.56
1551657600,1.12,1.14,1.09,1.13,205609.37,231754.03
1551744000,1.12,1.14,1.11,1.12,247127.91,278260.09
1551830400,1.13,1.13,1.11,1.12,154666.87,174095.59
1551916800,1.11,1.13,1.1,1.13,266020.69,298258.28
1552003200,1.12,1.13,1.09,1.11,287727.11,321560.6
1552089600,1.1,1.13,1.1,1.12,98211.95,109347.26
1552176000,1.1,1.13,1.09,1.1,55764.14,62226.84
1552262400,1.11,1.12,1.1,1.1,165291.01,184084.34
1552348800,1.12,1.13,1.1,1.11,271554.63,305147.39
1552435200,1.13,1.13,1.09,1.12,114457.07,128965.63
1552521600,1.11,1.13,1.11,1.13,145390.99,164043.76
1552608000,1.12,1.13,1.11,1.11,98113.91,110624.45
1552694400,1.13,1.14,1.11,1.12,124458.8,140538.08
1552780800,1.11,1.14,1.11,1.13,80611.17,90874.8
1552867200,1.13,1.14,1.1,1.11,243731.17,275520.66
1552953600,1.11,1.14,1.11,1.13,234242.99,264266.56
1553040000,1.13,1.14,1.11,1.11,236058.62,267542.5
1553126400,1.13,1.14,1.12,1.13,141401.59,160287.25
1553212800,1.12,1.14,1.12,1.13,265151.46,299714.91
1553299200,1.13,1.13,1.11,1.12,63843.87,71818.38
1553385600,1.11,1.13,1.11,1.13,25445.16,28635.53
1553472000,1.13,1.13,1.11,1.11,175317.26,197704.64
1553558400,1.13,1.13,1.12,1.13,215798.19,243161.11
1553644800,1.12,1.13,1.11,1.13,179623.45,201866.35
1553731200,1.12,1.13,1.11,1.12,139655.52,156549.9
1553817600,1.12,1.12,1.11,1.12,77299.58,86701.17
1553904000,1.12,1.12,1.11,1.12,84959.68,95216.13
1553990400,1.11,1.12,1.11,1.12,71483.96,79813.76
1554076800,1.11,1.12,1.1,1.11,154406.9,172725.91
1554163200,1.11,1.12,1.11,1.11,1102560.31,1225134.28
1554249600,1.12,1.12,1.11,1.11,2044379.8,2289403.85
1554336000,1.11,1.13,1.11,1.12,844194.23,938005.44
1554422400,1.12,1.12,1.11,1.11,406107.32,454100.53
1554508800,1.12,1.12,1.1,1.12,507738.41,568774.01
1554595200,1.12,1.12,1.11,1.12,302061.98,338133.66
1554681600,1.11,1.13,1.1,1.12,391785.71,437332.36
1554768000,1.1,1.13,1.1,1.11,212851.61,237573.71
1554854400,1.1,1.13,1.1,1.1,363532.97,408032.65
1554940800,1.12,1.13,1.09,1.1,522218.1,583409.69
1555027200,1.1,1.13,1.1,1.12,153999.41,173549.83
1555113600,1.13,1.13,1.1,1.1,164439.49,185367.11
1555200000,1.13,1.13,1.12,1.13,158386.28,178488.23
1555286400,1.13,1.13,1.12,1.13,110013.1,123871.79
